residue_number,original,mutated,category,chain,mutation,rmsd,com_shift,status
13,K,A,Catalytic_neutralisation,A,A13A,2.8446,0.0025,success
36,R,A,Catalytic_neutralisation,A,A36A,4.4566,0.0063,success
37,A,G,Flexibility_increase,A,A37G,0.0000,0.0000,success
53,I,P,Fold_kink_probe,A,A53P,2.1315,0.0024,success
82,L,D,Hydrophobe_to_charged,A,A82D,2.4231,0.0017,success
93,D,N,Charge_removal,A,A93N,0.0000,0.0000,success
119,R,E,Charge_swap,A,A119E,4.7929,0.0074,success
120,F,A,Hydrophobe_to_alanine,A,A120A,2.4424,0.0013,success
122,G,P,Proline_rigidification,A,A122P,0.0000,0.0000,success
134,L,P,Helix_breaker,A,A134P,4.3200,0.0054,success
148,V,W,Bulky_hydrophobe_to_Trp,A,A148W,2.0125,0.0006,success
156,R,A,Catalytic_neutralisation,A,A156A,1.9515,0.0020,success
158,D,N,Charge_removal,A,A158N,2.7375,0.0026,success
171,Y,F,Aromatic_Hbond_loss,A,A171F,5.6786,0.0096,success
175,T,A,SerThr_to_Ala_scan,A,A175A,1.9502,0.0006,success
